city,positionName,salaryMax,keyword,companyName,companySize,companyId,link,positionType,workYear,salaryMin,formatCreatetime
广州,Java,7,Java,广州乐智企业管理咨询有限公司,15-50人,46780,www.lagou.com/jobs/46780.html,全职,不限,4,11:46发布
厦门,Java,8,Java,厦门有志者网络科技有限公司,少于15人,110697,www.lagou.com/jobs/110697.html,全职,1-3年,6,11:45发布
西安,java开发工程师,20,Java,中寰卫星导航通信有限公司,500-2000人,10809,www.lagou.com/jobs/10809.html,全职,3-5年,10,11:44发布
深圳,Java,20,Java,龙视传媒有限公司,50-150人,52242,www.lagou.com/jobs/52242.html,全职,3-5年,15,11:44发布
深圳,Java开发工程师,25,Java,深圳市金掌门科技有限公司,少于15人,135852,www.lagou.com/jobs/135852.html,全职,3-5年,18,11:44发布
深圳,Java开发工程师,18,Java,深圳市金掌门科技有限公司,少于15人,135852,www.lagou.com/jobs/135852.html,全职,1-3年,12,11:44发布
武汉,Java工程师,12,Java,深圳市优网科技有限公司,150-500人,13049,www.lagou.com/jobs/13049.html,全职,3-5年,6,11:43发布
上海,Java开发工程师,20,Java,上海到喜啦信息技术有限公司,500-2000人,2864,www.lagou.com/jobs/2864.html,全职,1-3年,15,11:42发布
北京,Java,12,Java,北京嘉华丽康医疗投资管理有限公司,500-2000人,78184,www.lagou.com/jobs/78184.html,全职,1-3年,8,11:42发布
南京,Java开发工程师,10,Java,南京铁行网络科技有限公司,50-150人,41442,www.lagou.com/jobs/41442.html,全职,3-5年,6,11:41发布
广州,Java,7,Java,广州乐智企业管理咨询有限公司,15-50人,46780,www.lagou.com/jobs/46780.html,全职,不限,4,11:40发布
深圳,Java开发工程师,15,Java,威锋网,150-500人,19393,www.lagou.com/jobs/19393.html,全职,3-5年,8,11:39发布
上海,Java,15,Java,上海泛微网络科技股份有限公司,500-2000人,24995,www.lagou.com/jobs/24995.html,全职,1-3年,10,11:38发布
上海,java,18,Java,上海泛微网络科技股份有限公司,500-2000人,24995,www.lagou.com/jobs/24995.html,全职,3-5年,12,11:38发布
杭州,Java,15,Java,浙江中邮普泰移动通信设备有限公司,50-150人,37041,www.lagou.com/jobs/37041.html,全职,1-3年,8,11:38发布
深圳,Java开发工程师,12,Java,深圳市金掌门科技有限公司,少于15人,135852,www.lagou.com/jobs/135852.html,全职,1-3年,8,11:44发布
深圳,Java,18,Java,深圳带我去信息科技有限公司,50-150人,130456,www.lagou.com/jobs/130456.html,全职,3-5年,10,11:37发布
上海,Java,30,Java,上海万众互联信息技术有限公司,50-150人,95490,www.lagou.com/jobs/95490.html,全职,3-5年,15,11:37发布
北京,Java开发工程师,15,Java,北京中微迅易信息咨询有限公司,150-500人,93267,www.lagou.com/jobs/93267.html,全职,1-3年,10,11:34发布
北京,Java,15,Java,北京中微迅易信息咨询有限公司,150-500人,93267,www.lagou.com/jobs/93267.html,全职,3-5年,10,11:34发布
北京,Java工程师,30,Java,北京金山云网络技术有限公司,500-2000人,956,www.lagou.com/jobs/956.html,全职,3-5年,15,11:34发布
上海,Java,14,Java,昆山华信软件技术有限公司,500-2000人,21982,www.lagou.com/jobs/21982.html,全职,3-5年,13,11:34发布
深圳,Java工程师,15,Java,深圳小宝互联网金融服务有限公司,15-50人,82674,www.lagou.com/jobs/82674.html,全职,3-5年,8,11:33发布
上海,Java研发工程师,20,Java,嘉银（上海）金融信息服务有限公司,2000人以上,26962,www.lagou.com/jobs/26962.html,全职,1-3年,15,11:33发布
杭州,Java开发工程师,25,Java,杭州恩牛网络技术有限公司,150-500人,3864,www.lagou.com/jobs/3864.html,全职,1-3年,15,11:30发布
广州,Java,18,Java,广州爱彼家网络科技有限公司,50-150人,89693,www.lagou.com/jobs/89693.html,全职,3-5年,10,11:30发布
上海,Java开发工程师,25,Java,嘉银（上海）金融信息服务有限公司,2000人以上,26962,www.lagou.com/jobs/26962.html,全职,3-5年,13,11:29发布
深圳,Java,20,Java,北京脑穿越技术有限公司,15-50人,91635,www.lagou.com/jobs/91635.html,全职,1-3年,12,11:29发布
上海,Java开发工程师,30,Java,深圳市房多多网络科技有限公司,2000人以上,622,www.lagou.com/jobs/622.html,全职,3-5年,15,11:28发布
北京,Java,15,Java,北京通力互联技术服务有限公司,2000人以上,123777,www.lagou.com/jobs/123777.html,全职,1-3年,10,11:27发布
